{
  "run_id": "hp_large_batch__arch_large__seed04",
  "hp_name": "hp_large_batch",
  "arch_name": "arch_large",
  "seed": 4,
  "n_episodes": 20,
  "deterministic": true,
  "mean_reward": 290.40679931640625,
  "std_reward": 87.71773529052734,
  "min_reward": -91.9280776977539,
  "max_reward": 311.9179382324219,
  "episode_rewards": [
    "309.91837",
    "311.1016",
    "310.60028",
    "311.3656",
    "310.8506",
    "311.65317",
    "310.49893",
    "-91.92808",
    "309.8753",
    "310.2387",
    "311.91794",
    "311.81653",
    "310.4447",
    "308.19095",
    "309.59525",
    "310.41934",
    "310.61502",
    "311.0587",
    "310.27655",
    "309.62628"
  ]
}