{
  "run_id": "hp_large_batch__arch_large__seed04",
  "hp_name": "hp_large_batch",
  "arch_name": "arch_large",
  "seed": 4,
  "n_episodes": 20,
  "deterministic": true,
  "mean_reward": 275.85394287109375,
  "std_reward": 105.22276306152344,
  "min_reward": -89.87315368652344,
  "max_reward": 312.4443054199219,
  "episode_rewards": [
    "18.752518",
    "308.7199",
    "311.894",
    "310.90726",
    "308.48422",
    "312.4443",
    "310.0583",
    "310.2336",
    "312.04172",
    "310.6513",
    "308.88638",
    "310.4983",
    "-89.87315",
    "309.0914",
    "312.24985",
    "310.22562",
    "310.11313",
    "308.87564",
    "310.9869",
    "311.8374"
  ]
}